source_id,source_name,iso3_country,original_inventory_sector,start_time,end_time,source_type,capacity,capacity_factor,activity,co2_emissions_factor,ch4_emissions_factor,n2o_emissions_factor,co2_emissions,ch4_emissions,n2o_emissions,total_co2e_20yrgwp,created_date,modified_date,total_co2e_100yrgwp
18653500,Belem aluminium plant,BRA,aluminum,2015-01-01 00:00:00,2015-01-31 00:00:00,very high,high,high,medium,medium,medium,medium,medium,medium,medium,medium,2023-10-04 00:00:00,,medium
18653500,Belem aluminium plant,BRA,aluminum,2015-02-01 00:00:00,2015-02-28 00:00:00,very high,high,high,medium,medium,medium,medium,medium,medium,medium,medium,2023-10-04 00:00:00,,medium
18653500,Belem aluminium plant,BRA,aluminum,2015-03-01 00:00:00,2015-03-31 00:00:00,very high,high,high,medium,medium,medium,medium,medium,medium,medium,medium,2023-10-04 00:00:00,,medium
18653500,Belem aluminium plant,BRA,aluminum,2015-04-01 00:00:00,2015-04-30 00:00:00,very high,high,high,medium,medium,medium,medium,medium,medium,medium,medium,2023-10-04 00:00:00,,medium
18653500,Belem aluminium plant,BRA,aluminum,2015-05-01 00:00:00,2015-05-31 00:00:00,very high,high,high,medium,medium,medium,medium,medium,medium,medium,medium,2023-10-04 00:00:00,,medium
18653500,Belem aluminium plant,BRA,aluminum,2015-06-01 00:00:00,2015-06-30 00:00:00,very high,high,high,medium,medium,medium,medium,medium,medium,medium,medium,2023-10-04 00:00:00,,medium
18653500,Belem aluminium plant,BRA,aluminum,2015-07-01 00:00:00,2015-07-31 00:00:00,very high,high,high,medium,medium,medium,medium,medium,medium,medium,medium,2023-10-04 00:00:00,,medium
18653500,Belem aluminium plant,BRA,aluminum,2015-08-01 00:00:00,2015-08-31 00:00:00,very high,high,high,medium,medium,medium,medium,medium,medium,medium,medium,2023-10-04 00:00:00,,medium
18653500,Belem aluminium plant,BRA,aluminum,2015-09-01 00:00:00,2015-09-30 00:00:00,very high,high,high,medium,medium,medium,medium,medium,medium,medium,medium,2023-10-04 00:00:00,,medium
18653500,Belem aluminium plant,BRA,aluminum,2015-10-01 00:00:00,2015-10-31 00:00:00,very high,high,high,medium,medium,medium,medium,medium,medium,medium,medium,2023-10-04 00:00:00,,medium
18653500,Belem aluminium plant,BRA,aluminum,2015-11-01 00:00:00,2015-11-30 00:00:00,very high,high,high,medium,medium,medium,medium,medium,medium,medium,medium,2023-10-04 00:00:00,,medium
18653500,Belem aluminium plant,BRA,aluminum,2015-12-01 00:00:00,2015-12-31 00:00:00,very high,high,high,medium,medium,medium,medium,medium,medium,medium,medium,2023-10-04 00:00:00,,medium
18653500,Belem aluminium plant,BRA,aluminum,2016-01-01 00:00:00,2016-01-31 00:00:00,very high,high,high,medium,medium,medium,medium,medium,medium,medium,medium,2023-10-04 00:00:00,,medium
18653500,Belem aluminium plant,BRA,aluminum,2016-02-01 00:00:00,2016-02-29 00:00:00,very high,high,high,medium,medium,medium,medium,medium,medium,medium,medium,2023-10-04 00:00:00,,medium
18653500,Belem aluminium plant,BRA,aluminum,2016-03-01 00:00:00,2016-03-31 00:00:00,very high,high,high,medium,medium,medium,medium,medium,medium,medium,medium,2023-10-04 00:00:00,,medium
18653500,Belem aluminium plant,BRA,aluminum,2016-04-01 00:00:00,2016-04-30 00:00:00,very high,high,high,medium,medium,medium,medium,medium,medium,medium,medium,2023-10-04 00:00:00,,medium
18653500,Belem aluminium plant,BRA,aluminum,2016-05-01 00:00:00,2016-05-31 00:00:00,very high,high,high,medium,medium,medium,medium,medium,medium,medium,medium,2023-10-04 00:00:00,,medium
18653500,Belem aluminium plant,BRA,aluminum,2016-06-01 00:00:00,2016-06-30 00:00:00,very high,high,high,medium,medium,medium,medium,medium,medium,medium,medium,2023-10-04 00:00:00,,medium
18653500,Belem aluminium plant,BRA,aluminum,2016-07-01 00:00:00,2016-07-31 00:00:00,very high,high,high,medium,medium,medium,medium,medium,medium,medium,medium,2023-10-04 00:00:00,,medium
18653500,Belem aluminium plant,BRA,aluminum,2016-08-01 00:00:00,2016-08-31 00:00:00,very high,high,high,medium,medium,medium,medium,medium,medium,medium,medium,2023-10-04 00:00:00,,medium
18653500,Belem aluminium plant,BRA,aluminum,2016-09-01 00:00:00,2016-09-30 00:00:00,very high,high,high,medium,medium,medium,medium,medium,medium,medium,medium,2023-10-04 00:00:00,,medium
18653500,Belem aluminium plant,BRA,aluminum,2016-10-01 00:00:00,2016-10-31 00:00:00,very high,high,high,medium,medium,medium,medium,medium,medium,medium,medium,2023-10-04 00:00:00,,medium
18653500,Belem aluminium plant,BRA,aluminum,2016-11-01 00:00:00,2016-11-30 00:00:00,very high,high,high,medium,medium,medium,medium,medium,medium,medium,medium,2023-10-04 00:00:00,,medium
18653500,Belem aluminium plant,BRA,aluminum,2016-12-01 00:00:00,2016-12-31 00:00:00,very high,high,high,medium,medium,medium,medium,medium,medium,medium,medium,2023-10-04 00:00:00,,medium
18653500,Belem aluminium plant,BRA,aluminum,2017-01-01 00:00:00,2017-01-31 00:00:00,very high,high,high,medium,medium,medium,medium,medium,medium,medium,medium,2023-10-04 00:00:00,,medium
18653500,Belem aluminium plant,BRA,aluminum,2017-02-01 00:00:00,2017-02-28 00:00:00,very high,high,high,medium,medium,medium,medium,medium,medium,medium,medium,2023-10-04 00:00:00,,medium
18653500,Belem aluminium plant,BRA,aluminum,2017-03-01 00:00:00,2017-03-31 00:00:00,very high,high,high,medium,medium,medium,medium,medium,medium,medium,medium,2023-10-04 00:00:00,,medium
18653500,Belem aluminium plant,BRA,aluminum,2017-04-01 00:00:00,2017-04-30 00:00:00,very high,high,high,medium,medium,medium,medium,medium,medium,medium,medium,2023-10-04 00:00:00,,medium
18653500,Belem aluminium plant,BRA,aluminum,2017-05-01 00:00:00,2017-05-31 00:00:00,very high,high,high,medium,medium,medium,medium,medium,medium,medium,medium,2023-10-04 00:00:00,,medium
18653500,Belem aluminium plant,BRA,aluminum,2017-06-01 00:00:00,2017-06-30 00:00:00,very high,high,high,medium,medium,medium,medium,medium,medium,medium,medium,2023-10-04 00:00:00,,medium
18653500,Belem aluminium plant,BRA,aluminum,2017-07-01 00:00:00,2017-07-31 00:00:00,very high,high,high,medium,medium,medium,medium,medium,medium,medium,medium,2023-10-04 00:00:00,,medium
18653500,Belem aluminium plant,BRA,aluminum,2017-08-01 00:00:00,2017-08-31 00:00:00,very high,high,high,medium,medium,medium,medium,medium,medium,medium,medium,2023-10-04 00:00:00,,medium
18653500,Belem aluminium plant,BRA,aluminum,2017-09-01 00:00:00,2017-09-30 00:00:00,very high,high,high,medium,medium,medium,medium,medium,medium,medium,medium,2023-10-04 00:00:00,,medium
18653500,Belem aluminium plant,BRA,aluminum,2017-10-01 00:00:00,2017-10-31 00:00:00,very high,high,high,medium,medium,medium,medium,medium,medium,medium,medium,2023-10-04 00:00:00,,medium
18653500,Belem aluminium plant,BRA,aluminum,2017-11-01 00:00:00,2017-11-30 00:00:00,very high,high,high,medium,medium,medium,medium,medium,medium,medium,medium,2023-10-04 00:00:00,,medium
18653500,Belem aluminium plant,BRA,aluminum,2017-12-01 00:00:00,2017-12-31 00:00:00,very high,high,high,medium,medium,medium,medium,medium,medium,medium,medium,2023-10-04 00:00:00,,medium
18653500,Belem aluminium plant,BRA,aluminum,2018-01-01 00:00:00,2018-01-31 00:00:00,very high,high,high,medium,medium,medium,medium,medium,medium,medium,medium,2023-10-04 00:00:00,,medium
18653500,Belem aluminium plant,BRA,aluminum,2018-02-01 00:00:00,2018-02-28 00:00:00,very high,high,high,medium,medium,medium,medium,medium,medium,medium,medium,2023-10-04 00:00:00,,medium
18653500,Belem aluminium plant,BRA,aluminum,2018-03-01 00:00:00,2018-03-31 00:00:00,very high,high,high,medium,medium,medium,medium,medium,medium,medium,medium,2023-10-04 00:00:00,,medium
18653500,Belem aluminium plant,BRA,aluminum,2018-04-01 00:00:00,2018-04-30 00:00:00,very high,high,high,medium,medium,medium,medium,medium,medium,medium,medium,2023-10-04 00:00:00,,medium
18653500,Belem aluminium plant,BRA,aluminum,2018-05-01 00:00:00,2018-05-31 00:00:00,very high,high,high,medium,medium,medium,medium,medium,medium,medium,medium,2023-10-04 00:00:00,,medium
18653500,Belem aluminium plant,BRA,aluminum,2018-06-01 00:00:00,2018-06-30 00:00:00,very high,high,high,medium,medium,medium,medium,medium,medium,medium,medium,2023-10-04 00:00:00,,medium
18653500,Belem aluminium plant,BRA,aluminum,2018-07-01 00:00:00,2018-07-31 00:00:00,very high,high,high,medium,medium,medium,medium,medium,medium,medium,medium,2023-10-04 00:00:00,,medium
18653500,Belem aluminium plant,BRA,aluminum,2018-08-01 00:00:00,2018-08-31 00:00:00,very high,high,high,medium,medium,medium,medium,medium,medium,medium,medium,2023-10-04 00:00:00,,medium
18653500,Belem aluminium plant,BRA,aluminum,2018-09-01 00:00:00,2018-09-30 00:00:00,very high,high,high,medium,medium,medium,medium,medium,medium,medium,medium,2023-10-04 00:00:00,,medium
18653500,Belem aluminium plant,BRA,aluminum,2018-10-01 00:00:00,2018-10-31 00:00:00,very high,high,high,medium,medium,medium,medium,medium,medium,medium,medium,2023-10-04 00:00:00,,medium
18653500,Belem aluminium plant,BRA,aluminum,2018-11-01 00:00:00,2018-11-30 00:00:00,very high,high,high,medium,medium,medium,medium,medium,medium,medium,medium,2023-10-04 00:00:00,,medium
18653500,Belem aluminium plant,BRA,aluminum,2018-12-01 00:00:00,2018-12-31 00:00:00,very high,high,high,medium,medium,medium,medium,medium,medium,medium,medium,2023-10-04 00:00:00,,medium
18653500,Belem aluminium plant,BRA,aluminum,2019-01-01 00:00:00,2019-01-31 00:00:00,very high,high,high,medium,medium,medium,medium,medium,medium,medium,medium,2023-10-04 00:00:00,,medium
18653500,Belem aluminium plant,BRA,aluminum,2019-02-01 00:00:00,2019-02-28 00:00:00,very high,high,high,medium,medium,medium,medium,medium,medium,medium,medium,2023-10-04 00:00:00,,medium
18653500,Belem aluminium plant,BRA,aluminum,2019-03-01 00:00:00,2019-03-31 00:00:00,very high,high,high,medium,medium,medium,medium,medium,medium,medium,medium,2023-10-04 00:00:00,,medium
18653500,Belem aluminium plant,BRA,aluminum,2019-04-01 00:00:00,2019-04-30 00:00:00,very high,high,high,medium,medium,medium,medium,medium,medium,medium,medium,2023-10-04 00:00:00,,medium
18653500,Belem aluminium plant,BRA,aluminum,2019-05-01 00:00:00,2019-05-31 00:00:00,very high,high,high,medium,medium,medium,medium,medium,medium,medium,medium,2023-10-04 00:00:00,,medium
18653500,Belem aluminium plant,BRA,aluminum,2019-06-01 00:00:00,2019-06-30 00:00:00,very high,high,high,medium,medium,medium,medium,medium,medium,medium,medium,2023-10-04 00:00:00,,medium
18653500,Belem aluminium plant,BRA,aluminum,2019-07-01 00:00:00,2019-07-31 00:00:00,very high,high,high,medium,medium,medium,medium,medium,medium,medium,medium,2023-10-04 00:00:00,,medium
18653500,Belem aluminium plant,BRA,aluminum,2019-08-01 00:00:00,2019-08-31 00:00:00,very high,high,high,medium,medium,medium,medium,medium,medium,medium,medium,2023-10-04 00:00:00,,medium
18653500,Belem aluminium plant,BRA,aluminum,2019-09-01 00:00:00,2019-09-30 00:00:00,very high,high,high,medium,medium,medium,medium,medium,medium,medium,medium,2023-10-04 00:00:00,,medium
18653500,Belem aluminium plant,BRA,aluminum,2019-10-01 00:00:00,2019-10-31 00:00:00,very high,high,high,medium,medium,medium,medium,medium,medium,medium,medium,2023-10-04 00:00:00,,medium
18653500,Belem aluminium plant,BRA,aluminum,2019-11-01 00:00:00,2019-11-30 00:00:00,very high,high,high,medium,medium,medium,medium,medium,medium,medium,medium,2023-10-04 00:00:00,,medium
18653500,Belem aluminium plant,BRA,aluminum,2019-12-01 00:00:00,2019-12-31 00:00:00,very high,high,high,medium,medium,medium,medium,medium,medium,medium,medium,2023-10-04 00:00:00,,medium
18653500,Belem aluminium plant,BRA,aluminum,2020-01-01 00:00:00,2020-01-31 00:00:00,very high,high,high,medium,medium,medium,medium,medium,medium,medium,medium,2023-10-04 00:00:00,,medium
18653500,Belem aluminium plant,BRA,aluminum,2020-02-01 00:00:00,2020-02-29 00:00:00,very high,high,high,medium,medium,medium,medium,medium,medium,medium,medium,2023-10-04 00:00:00,,medium
18653500,Belem aluminium plant,BRA,aluminum,2020-03-01 00:00:00,2020-03-31 00:00:00,very high,high,high,medium,medium,medium,medium,medium,medium,medium,medium,2023-10-04 00:00:00,,medium
18653500,Belem aluminium plant,BRA,aluminum,2020-04-01 00:00:00,2020-04-30 00:00:00,very high,high,high,medium,medium,medium,medium,medium,medium,medium,medium,2023-10-04 00:00:00,,medium
18653500,Belem aluminium plant,BRA,aluminum,2020-05-01 00:00:00,2020-05-31 00:00:00,very high,high,high,medium,medium,medium,medium,medium,medium,medium,medium,2023-10-04 00:00:00,,medium
18653500,Belem aluminium plant,BRA,aluminum,2020-06-01 00:00:00,2020-06-30 00:00:00,very high,high,high,medium,medium,medium,medium,medium,medium,medium,medium,2023-10-04 00:00:00,,medium
18653500,Belem aluminium plant,BRA,aluminum,2020-07-01 00:00:00,2020-07-31 00:00:00,very high,high,high,medium,medium,medium,medium,medium,medium,medium,medium,2023-10-04 00:00:00,,medium
18653500,Belem aluminium plant,BRA,aluminum,2020-08-01 00:00:00,2020-08-31 00:00:00,very high,high,high,medium,medium,medium,medium,medium,medium,medium,medium,2023-10-04 00:00:00,,medium
18653500,Belem aluminium plant,BRA,aluminum,2020-09-01 00:00:00,2020-09-30 00:00:00,very high,high,high,medium,medium,medium,medium,medium,medium,medium,medium,2023-10-04 00:00:00,,medium
18653500,Belem aluminium plant,BRA,aluminum,2020-10-01 00:00:00,2020-10-31 00:00:00,very high,high,high,medium,medium,medium,medium,medium,medium,medium,medium,2023-10-04 00:00:00,,medium
18653500,Belem aluminium plant,BRA,aluminum,2020-11-01 00:00:00,2020-11-30 00:00:00,very high,high,high,medium,medium,medium,medium,medium,medium,medium,medium,2023-10-04 00:00:00,,medium
18653500,Belem aluminium plant,BRA,aluminum,2020-12-01 00:00:00,2020-12-31 00:00:00,very high,high,high,medium,medium,medium,medium,medium,medium,medium,medium,2023-10-04 00:00:00,,medium
18653500,Belem aluminium plant,BRA,aluminum,2021-01-01 00:00:00,2021-01-31 00:00:00,very high,high,high,medium,medium,medium,medium,medium,medium,medium,medium,2023-10-04 00:00:00,,medium
18653500,Belem aluminium plant,BRA,aluminum,2021-02-01 00:00:00,2021-02-28 00:00:00,very high,high,high,medium,medium,medium,medium,medium,medium,medium,medium,2023-10-04 00:00:00,,medium
18653500,Belem aluminium plant,BRA,aluminum,2021-03-01 00:00:00,2021-03-31 00:00:00,very high,high,high,medium,medium,medium,medium,medium,medium,medium,medium,2023-10-04 00:00:00,,medium
18653500,Belem aluminium plant,BRA,aluminum,2021-04-01 00:00:00,2021-04-30 00:00:00,very high,high,high,medium,medium,medium,medium,medium,medium,medium,medium,2023-10-04 00:00:00,,medium
18653500,Belem aluminium plant,BRA,aluminum,2021-05-01 00:00:00,2021-05-31 00:00:00,very high,high,high,medium,medium,medium,medium,medium,medium,medium,medium,2023-10-04 00:00:00,,medium
18653500,Belem aluminium plant,BRA,aluminum,2021-06-01 00:00:00,2021-06-30 00:00:00,very high,high,high,medium,medium,medium,medium,medium,medium,medium,medium,2023-10-04 00:00:00,,medium
18653500,Belem aluminium plant,BRA,aluminum,2021-07-01 00:00:00,2021-07-31 00:00:00,very high,high,high,medium,medium,medium,medium,medium,medium,medium,medium,2023-10-04 00:00:00,,medium
18653500,Belem aluminium plant,BRA,aluminum,2021-08-01 00:00:00,2021-08-31 00:00:00,very high,high,high,medium,medium,medium,medium,medium,medium,medium,medium,2023-10-04 00:00:00,,medium
18653500,Belem aluminium plant,BRA,aluminum,2021-09-01 00:00:00,2021-09-30 00:00:00,very high,high,high,medium,medium,medium,medium,medium,medium,medium,medium,2023-10-04 00:00:00,,medium
18653500,Belem aluminium plant,BRA,aluminum,2021-10-01 00:00:00,2021-10-31 00:00:00,very high,high,high,medium,medium,medium,medium,medium,medium,medium,medium,2023-10-04 00:00:00,,medium
18653500,Belem aluminium plant,BRA,aluminum,2021-11-01 00:00:00,2021-11-30 00:00:00,very high,high,high,medium,medium,medium,medium,medium,medium,medium,medium,2023-10-04 00:00:00,,medium
18653500,Belem aluminium plant,BRA,aluminum,2021-12-01 00:00:00,2021-12-31 00:00:00,very high,high,high,medium,medium,medium,medium,medium,medium,medium,medium,2023-10-04 00:00:00,,medium
18653500,Belem aluminium plant,BRA,aluminum,2022-01-01 00:00:00,2022-01-31 00:00:00,very high,high,high,medium,medium,medium,medium,medium,medium,medium,medium,2023-10-04 00:00:00,,medium
18653500,Belem aluminium plant,BRA,aluminum,2022-02-01 00:00:00,2022-02-28 00:00:00,very high,high,high,medium,medium,medium,medium,medium,medium,medium,medium,2023-10-04 00:00:00,,medium
18653500,Belem aluminium plant,BRA,aluminum,2022-03-01 00:00:00,2022-03-31 00:00:00,very high,high,high,medium,medium,medium,medium,medium,medium,medium,medium,2023-10-04 00:00:00,,medium
18653500,Belem aluminium plant,BRA,aluminum,2022-04-01 00:00:00,2022-04-30 00:00:00,very high,high,high,medium,medium,medium,medium,medium,medium,medium,medium,2023-10-04 00:00:00,,medium
18653500,Belem aluminium plant,BRA,aluminum,2022-05-01 00:00:00,2022-05-31 00:00:00,very high,high,high,medium,medium,medium,medium,medium,medium,medium,medium,2023-10-04 00:00:00,,medium
18653500,Belem aluminium plant,BRA,aluminum,2022-06-01 00:00:00,2022-06-30 00:00:00,very high,high,high,medium,medium,medium,medium,medium,medium,medium,medium,2023-10-04 00:00:00,,medium
18653500,Belem aluminium plant,BRA,aluminum,2022-07-01 00:00:00,2022-07-31 00:00:00,very high,high,high,medium,medium,medium,medium,medium,medium,medium,medium,2023-10-04 00:00:00,,medium
18653500,Belem aluminium plant,BRA,aluminum,2022-08-01 00:00:00,2022-08-31 00:00:00,very high,high,high,medium,medium,medium,medium,medium,medium,medium,medium,2023-10-04 00:00:00,,medium
18653500,Belem aluminium plant,BRA,aluminum,2022-09-01 00:00:00,2022-09-30 00:00:00,very high,high,high,medium,medium,medium,medium,medium,medium,medium,medium,2023-10-04 00:00:00,,medium
18653500,Belem aluminium plant,BRA,aluminum,2022-10-01 00:00:00,2022-10-31 00:00:00,very high,high,high,medium,medium,medium,medium,medium,medium,medium,medium,2023-10-04 00:00:00,,medium
18653500,Belem aluminium plant,BRA,aluminum,2022-11-01 00:00:00,2022-11-30 00:00:00,very high,high,high,medium,medium,medium,medium,medium,medium,medium,medium,2023-10-04 00:00:00,,medium
18653500,Belem aluminium plant,BRA,aluminum,2022-12-01 00:00:00,2022-12-31 00:00:00,very high,high,high,medium,medium,medium,medium,medium,medium,medium,medium,2023-10-04 00:00:00,,medium
18653500,Belem aluminium plant,BRA,aluminum,2023-01-01 00:00:00,2023-01-31 00:00:00,very high,high,high,medium,medium,medium,medium,medium,medium,medium,medium,2023-10-04 00:00:00,,medium
18653500,Belem aluminium plant,BRA,aluminum,2023-02-01 00:00:00,2023-02-28 00:00:00,very high,high,high,medium,medium,medium,medium,medium,medium,medium,medium,2023-10-04 00:00:00,,medium
18653500,Belem aluminium plant,BRA,aluminum,2023-03-01 00:00:00,2023-03-31 00:00:00,very high,high,high,medium,medium,medium,medium,medium,medium,medium,medium,2023-10-04 00:00:00,,medium
18653428,Pocos de Caldas Bauxite Mine and Alumina Refinery,BRA,aluminum,2015-01-01 00:00:00,2015-01-31 00:00:00,very high,high,high,medium,medium,medium,medium,medium,medium,medium,medium,2023-10-04 00:00:00,,medium
18653428,Pocos de Caldas Bauxite Mine and Alumina Refinery,BRA,aluminum,2015-02-01 00:00:00,2015-02-28 00:00:00,very high,high,high,medium,medium,medium,medium,medium,medium,medium,medium,2023-10-04 00:00:00,,medium
18653428,Pocos de Caldas Bauxite Mine and Alumina Refinery,BRA,aluminum,2015-03-01 00:00:00,2015-03-31 00:00:00,very high,high,high,medium,medium,medium,medium,medium,medium,medium,medium,2023-10-04 00:00:00,,medium
18653428,Pocos de Caldas Bauxite Mine and Alumina Refinery,BRA,aluminum,2015-04-01 00:00:00,2015-04-30 00:00:00,very high,high,high,medium,medium,medium,medium,medium,medium,medium,medium,2023-10-04 00:00:00,,medium
18653428,Pocos de Caldas Bauxite Mine and Alumina Refinery,BRA,aluminum,2015-05-01 00:00:00,2015-05-31 00:00:00,very high,high,high,medium,medium,medium,medium,medium,medium,medium,medium,2023-10-04 00:00:00,,medium
18653428,Pocos de Caldas Bauxite Mine and Alumina Refinery,BRA,aluminum,2015-06-01 00:00:00,2015-06-30 00:00:00,very high,high,high,medium,medium,medium,medium,medium,medium,medium,medium,2023-10-04 00:00:00,,medium
18653428,Pocos de Caldas Bauxite Mine and Alumina Refinery,BRA,aluminum,2015-07-01 00:00:00,2015-07-31 00:00:00,very high,high,high,medium,medium,medium,medium,medium,medium,medium,medium,2023-10-04 00:00:00,,medium
18653428,Pocos de Caldas Bauxite Mine and Alumina Refinery,BRA,aluminum,2015-08-01 00:00:00,2015-08-31 00:00:00,very high,high,high,medium,medium,medium,medium,medium,medium,medium,medium,2023-10-04 00:00:00,,medium
18653428,Pocos de Caldas Bauxite Mine and Alumina Refinery,BRA,aluminum,2015-09-01 00:00:00,2015-09-30 00:00:00,very high,high,high,medium,medium,medium,medium,medium,medium,medium,medium,2023-10-04 00:00:00,,medium
18653428,Pocos de Caldas Bauxite Mine and Alumina Refinery,BRA,aluminum,2015-10-01 00:00:00,2015-10-31 00:00:00,very high,high,high,medium,medium,medium,medium,medium,medium,medium,medium,2023-10-04 00:00:00,,medium
18653428,Pocos de Caldas Bauxite Mine and Alumina Refinery,BRA,aluminum,2015-11-01 00:00:00,2015-11-30 00:00:00,very high,high,high,medium,medium,medium,medium,medium,medium,medium,medium,2023-10-04 00:00:00,,medium
18653428,Pocos de Caldas Bauxite Mine and Alumina Refinery,BRA,aluminum,2015-12-01 00:00:00,2015-12-31 00:00:00,very high,high,high,medium,medium,medium,medium,medium,medium,medium,medium,2023-10-04 00:00:00,,medium
18653428,Pocos de Caldas Bauxite Mine and Alumina Refinery,BRA,aluminum,2016-01-01 00:00:00,2016-01-31 00:00:00,very high,high,high,medium,medium,medium,medium,medium,medium,medium,medium,2023-10-04 00:00:00,,medium
18653428,Pocos de Caldas Bauxite Mine and Alumina Refinery,BRA,aluminum,2016-02-01 00:00:00,2016-02-29 00:00:00,very high,high,high,medium,medium,medium,medium,medium,medium,medium,medium,2023-10-04 00:00:00,,medium
18653428,Pocos de Caldas Bauxite Mine and Alumina Refinery,BRA,aluminum,2016-03-01 00:00:00,2016-03-31 00:00:00,very high,high,high,medium,medium,medium,medium,medium,medium,medium,medium,2023-10-04 00:00:00,,medium
18653428,Pocos de Caldas Bauxite Mine and Alumina Refinery,BRA,aluminum,2016-04-01 00:00:00,2016-04-30 00:00:00,very high,high,high,medium,medium,medium,medium,medium,medium,medium,medium,2023-10-04 00:00:00,,medium
18653428,Pocos de Caldas Bauxite Mine and Alumina Refinery,BRA,aluminum,2016-05-01 00:00:00,2016-05-31 00:00:00,very high,high,high,medium,medium,medium,medium,medium,medium,medium,medium,2023-10-04 00:00:00,,medium
18653428,Pocos de Caldas Bauxite Mine and Alumina Refinery,BRA,aluminum,2016-06-01 00:00:00,2016-06-30 00:00:00,very high,high,high,medium,medium,medium,medium,medium,medium,medium,medium,2023-10-04 00:00:00,,medium
18653428,Pocos de Caldas Bauxite Mine and Alumina Refinery,BRA,aluminum,2016-07-01 00:00:00,2016-07-31 00:00:00,very high,high,high,medium,medium,medium,medium,medium,medium,medium,medium,2023-10-04 00:00:00,,medium
18653428,Pocos de Caldas Bauxite Mine and Alumina Refinery,BRA,aluminum,2016-08-01 00:00:00,2016-08-31 00:00:00,very high,high,high,medium,medium,medium,medium,medium,medium,medium,medium,2023-10-04 00:00:00,,medium
18653428,Pocos de Caldas Bauxite Mine and Alumina Refinery,BRA,aluminum,2016-09-01 00:00:00,2016-09-30 00:00:00,very high,high,high,medium,medium,medium,medium,medium,medium,medium,medium,2023-10-04 00:00:00,,medium
18653428,Pocos de Caldas Bauxite Mine and Alumina Refinery,BRA,aluminum,2016-10-01 00:00:00,2016-10-31 00:00:00,very high,high,high,medium,medium,medium,medium,medium,medium,medium,medium,2023-10-04 00:00:00,,medium
18653428,Pocos de Caldas Bauxite Mine and Alumina Refinery,BRA,aluminum,2016-11-01 00:00:00,2016-11-30 00:00:00,very high,high,high,medium,medium,medium,medium,medium,medium,medium,medium,2023-10-04 00:00:00,,medium
18653428,Pocos de Caldas Bauxite Mine and Alumina Refinery,BRA,aluminum,2016-12-01 00:00:00,2016-12-31 00:00:00,very high,high,high,medium,medium,medium,medium,medium,medium,medium,medium,2023-10-04 00:00:00,,medium
18653428,Pocos de Caldas Bauxite Mine and Alumina Refinery,BRA,aluminum,2017-01-01 00:00:00,2017-01-31 00:00:00,very high,high,high,medium,medium,medium,medium,medium,medium,medium,medium,2023-10-04 00:00:00,,medium
18653428,Pocos de Caldas Bauxite Mine and Alumina Refinery,BRA,aluminum,2017-02-01 00:00:00,2017-02-28 00:00:00,very high,high,high,medium,medium,medium,medium,medium,medium,medium,medium,2023-10-04 00:00:00,,medium
18653428,Pocos de Caldas Bauxite Mine and Alumina Refinery,BRA,aluminum,2017-03-01 00:00:00,2017-03-31 00:00:00,very high,high,high,medium,medium,medium,medium,medium,medium,medium,medium,2023-10-04 00:00:00,,medium
18653428,Pocos de Caldas Bauxite Mine and Alumina Refinery,BRA,aluminum,2017-04-01 00:00:00,2017-04-30 00:00:00,very high,high,high,medium,medium,medium,medium,medium,medium,medium,medium,2023-10-04 00:00:00,,medium
18653428,Pocos de Caldas Bauxite Mine and Alumina Refinery,BRA,aluminum,2017-05-01 00:00:00,2017-05-31 00:00:00,very high,high,high,medium,medium,medium,medium,medium,medium,medium,medium,2023-10-04 00:00:00,,medium
18653428,Pocos de Caldas Bauxite Mine and Alumina Refinery,BRA,aluminum,2017-06-01 00:00:00,2017-06-30 00:00:00,very high,high,high,medium,medium,medium,medium,medium,medium,medium,medium,2023-10-04 00:00:00,,medium
18653428,Pocos de Caldas Bauxite Mine and Alumina Refinery,BRA,aluminum,2017-07-01 00:00:00,2017-07-31 00:00:00,very high,high,high,medium,medium,medium,medium,medium,medium,medium,medium,2023-10-04 00:00:00,,medium
18653428,Pocos de Caldas Bauxite Mine and Alumina Refinery,BRA,aluminum,2017-08-01 00:00:00,2017-08-31 00:00:00,very high,high,high,medium,medium,medium,medium,medium,medium,medium,medium,2023-10-04 00:00:00,,medium
18653428,Pocos de Caldas Bauxite Mine and Alumina Refinery,BRA,aluminum,2017-09-01 00:00:00,2017-09-30 00:00:00,very high,high,high,medium,medium,medium,medium,medium,medium,medium,medium,2023-10-04 00:00:00,,medium
18653428,Pocos de Caldas Bauxite Mine and Alumina Refinery,BRA,aluminum,2017-10-01 00:00:00,2017-10-31 00:00:00,very high,high,high,medium,medium,medium,medium,medium,medium,medium,medium,2023-10-04 00:00:00,,medium
18653428,Pocos de Caldas Bauxite Mine and Alumina Refinery,BRA,aluminum,2017-11-01 00:00:00,2017-11-30 00:00:00,very high,high,high,medium,medium,medium,medium,medium,medium,medium,medium,2023-10-04 00:00:00,,medium
18653428,Pocos de Caldas Bauxite Mine and Alumina Refinery,BRA,aluminum,2017-12-01 00:00:00,2017-12-31 00:00:00,very high,high,high,medium,medium,medium,medium,medium,medium,medium,medium,2023-10-04 00:00:00,,medium
18653428,Pocos de Caldas Bauxite Mine and Alumina Refinery,BRA,aluminum,2018-01-01 00:00:00,2018-01-31 00:00:00,very high,high,high,medium,medium,medium,medium,medium,medium,medium,medium,2023-10-04 00:00:00,,medium
18653428,Pocos de Caldas Bauxite Mine and Alumina Refinery,BRA,aluminum,2018-02-01 00:00:00,2018-02-28 00:00:00,very high,high,high,medium,medium,medium,medium,medium,medium,medium,medium,2023-10-04 00:00:00,,medium
18653428,Pocos de Caldas Bauxite Mine and Alumina Refinery,BRA,aluminum,2018-03-01 00:00:00,2018-03-31 00:00:00,very high,high,high,medium,medium,medium,medium,medium,medium,medium,medium,2023-10-04 00:00:00,,medium
18653428,Pocos de Caldas Bauxite Mine and Alumina Refinery,BRA,aluminum,2018-04-01 00:00:00,2018-04-30 00:00:00,very high,high,high,medium,medium,medium,medium,medium,medium,medium,medium,2023-10-04 00:00:00,,medium
18653428,Pocos de Caldas Bauxite Mine and Alumina Refinery,BRA,aluminum,2018-05-01 00:00:00,2018-05-31 00:00:00,very high,high,high,medium,medium,medium,medium,medium,medium,medium,medium,2023-10-04 00:00:00,,medium
18653428,Pocos de Caldas Bauxite Mine and Alumina Refinery,BRA,aluminum,2018-06-01 00:00:00,2018-06-30 00:00:00,very high,high,high,medium,medium,medium,medium,medium,medium,medium,medium,2023-10-04 00:00:00,,medium
18653428,Pocos de Caldas Bauxite Mine and Alumina Refinery,BRA,aluminum,2018-07-01 00:00:00,2018-07-31 00:00:00,very high,high,high,medium,medium,medium,medium,medium,medium,medium,medium,2023-10-04 00:00:00,,medium
18653428,Pocos de Caldas Bauxite Mine and Alumina Refinery,BRA,aluminum,2018-08-01 00:00:00,2018-08-31 00:00:00,very high,high,high,medium,medium,medium,medium,medium,medium,medium,medium,2023-10-04 00:00:00,,medium
18653428,Pocos de Caldas Bauxite Mine and Alumina Refinery,BRA,aluminum,2018-09-01 00:00:00,2018-09-30 00:00:00,very high,high,high,medium,medium,medium,medium,medium,medium,medium,medium,2023-10-04 00:00:00,,medium
18653428,Pocos de Caldas Bauxite Mine and Alumina Refinery,BRA,aluminum,2018-10-01 00:00:00,2018-10-31 00:00:00,very high,high,high,medium,medium,medium,medium,medium,medium,medium,medium,2023-10-04 00:00:00,,medium
18653428,Pocos de Caldas Bauxite Mine and Alumina Refinery,BRA,aluminum,2018-11-01 00:00:00,2018-11-30 00:00:00,very high,high,high,medium,medium,medium,medium,medium,medium,medium,medium,2023-10-04 00:00:00,,medium
18653428,Pocos de Caldas Bauxite Mine and Alumina Refinery,BRA,aluminum,2018-12-01 00:00:00,2018-12-31 00:00:00,very high,high,high,medium,medium,medium,medium,medium,medium,medium,medium,2023-10-04 00:00:00,,medium
18653428,Pocos de Caldas Bauxite Mine and Alumina Refinery,BRA,aluminum,2019-01-01 00:00:00,2019-01-31 00:00:00,very high,high,high,medium,medium,medium,medium,medium,medium,medium,medium,2023-10-04 00:00:00,,medium
18653428,Pocos de Caldas Bauxite Mine and Alumina Refinery,BRA,aluminum,2019-02-01 00:00:00,2019-02-28 00:00:00,very high,high,high,medium,medium,medium,medium,medium,medium,medium,medium,2023-10-04 00:00:00,,medium
18653428,Pocos de Caldas Bauxite Mine and Alumina Refinery,BRA,aluminum,2019-03-01 00:00:00,2019-03-31 00:00:00,very high,high,high,medium,medium,medium,medium,medium,medium,medium,medium,2023-10-04 00:00:00,,medium
18653428,Pocos de Caldas Bauxite Mine and Alumina Refinery,BRA,aluminum,2019-04-01 00:00:00,2019-04-30 00:00:00,very high,high,high,medium,medium,medium,medium,medium,medium,medium,medium,2023-10-04 00:00:00,,medium
18653428,Pocos de Caldas Bauxite Mine and Alumina Refinery,BRA,aluminum,2019-05-01 00:00:00,2019-05-31 00:00:00,very high,high,high,medium,medium,medium,medium,medium,medium,medium,medium,2023-10-04 00:00:00,,medium
18653428,Pocos de Caldas Bauxite Mine and Alumina Refinery,BRA,aluminum,2019-06-01 00:00:00,2019-06-30 00:00:00,very high,high,high,medium,medium,medium,medium,medium,medium,medium,medium,2023-10-04 00:00:00,,medium
18653428,Pocos de Caldas Bauxite Mine and Alumina Refinery,BRA,aluminum,2019-07-01 00:00:00,2019-07-31 00:00:00,very high,high,high,medium,medium,medium,medium,medium,medium,medium,medium,2023-10-04 00:00:00,,medium
18653428,Pocos de Caldas Bauxite Mine and Alumina Refinery,BRA,aluminum,2019-08-01 00:00:00,2019-08-31 00:00:00,very high,high,high,medium,medium,medium,medium,medium,medium,medium,medium,2023-10-04 00:00:00,,medium
18653428,Pocos de Caldas Bauxite Mine and Alumina Refinery,BRA,aluminum,2019-09-01 00:00:00,2019-09-30 00:00:00,very high,high,high,medium,medium,medium,medium,medium,medium,medium,medium,2023-10-04 00:00:00,,medium
18653428,Pocos de Caldas Bauxite Mine and Alumina Refinery,BRA,aluminum,2019-10-01 00:00:00,2019-10-31 00:00:00,very high,high,high,medium,medium,medium,medium,medium,medium,medium,medium,2023-10-04 00:00:00,,medium
18653428,Pocos de Caldas Bauxite Mine and Alumina Refinery,BRA,aluminum,2019-11-01 00:00:00,2019-11-30 00:00:00,very high,high,high,medium,medium,medium,medium,medium,medium,medium,medium,2023-10-04 00:00:00,,medium
18653428,Pocos de Caldas Bauxite Mine and Alumina Refinery,BRA,aluminum,2019-12-01 00:00:00,2019-12-31 00:00:00,very high,high,high,medium,medium,medium,medium,medium,medium,medium,medium,2023-10-04 00:00:00,,medium
18653428,Pocos de Caldas Bauxite Mine and Alumina Refinery,BRA,aluminum,2020-01-01 00:00:00,2020-01-31 00:00:00,very high,high,high,medium,medium,medium,medium,medium,medium,medium,medium,2023-10-04 00:00:00,,medium
18653428,Pocos de Caldas Bauxite Mine and Alumina Refinery,BRA,aluminum,2020-02-01 00:00:00,2020-02-29 00:00:00,very high,high,high,medium,medium,medium,medium,medium,medium,medium,medium,2023-10-04 00:00:00,,medium
18653428,Pocos de Caldas Bauxite Mine and Alumina Refinery,BRA,aluminum,2020-03-01 00:00:00,2020-03-31 00:00:00,very high,high,high,medium,medium,medium,medium,medium,medium,medium,medium,2023-10-04 00:00:00,,medium
18653428,Pocos de Caldas Bauxite Mine and Alumina Refinery,BRA,aluminum,2020-04-01 00:00:00,2020-04-30 00:00:00,very high,high,high,medium,medium,medium,medium,medium,medium,medium,medium,2023-10-04 00:00:00,,medium
18653428,Pocos de Caldas Bauxite Mine and Alumina Refinery,BRA,aluminum,2020-05-01 00:00:00,2020-05-31 00:00:00,very high,high,high,medium,medium,medium,medium,medium,medium,medium,medium,2023-10-04 00:00:00,,medium
18653428,Pocos de Caldas Bauxite Mine and Alumina Refinery,BRA,aluminum,2020-06-01 00:00:00,2020-06-30 00:00:00,very high,high,high,medium,medium,medium,medium,medium,medium,medium,medium,2023-10-04 00:00:00,,medium
18653428,Pocos de Caldas Bauxite Mine and Alumina Refinery,BRA,aluminum,2020-07-01 00:00:00,2020-07-31 00:00:00,very high,high,high,medium,medium,medium,medium,medium,medium,medium,medium,2023-10-04 00:00:00,,medium
18653428,Pocos de Caldas Bauxite Mine and Alumina Refinery,BRA,aluminum,2020-08-01 00:00:00,2020-08-31 00:00:00,very high,high,high,medium,medium,medium,medium,medium,medium,medium,medium,2023-10-04 00:00:00,,medium
18653428,Pocos de Caldas Bauxite Mine and Alumina Refinery,BRA,aluminum,2020-09-01 00:00:00,2020-09-30 00:00:00,very high,high,high,medium,medium,medium,medium,medium,medium,medium,medium,2023-10-04 00:00:00,,medium
18653428,Pocos de Caldas Bauxite Mine and Alumina Refinery,BRA,aluminum,2020-10-01 00:00:00,2020-10-31 00:00:00,very high,high,high,medium,medium,medium,medium,medium,medium,medium,medium,2023-10-04 00:00:00,,medium
18653428,Pocos de Caldas Bauxite Mine and Alumina Refinery,BRA,aluminum,2020-11-01 00:00:00,2020-11-30 00:00:00,very high,high,high,medium,medium,medium,medium,medium,medium,medium,medium,2023-10-04 00:00:00,,medium
18653428,Pocos de Caldas Bauxite Mine and Alumina Refinery,BRA,aluminum,2020-12-01 00:00:00,2020-12-31 00:00:00,very high,high,high,medium,medium,medium,medium,medium,medium,medium,medium,2023-10-04 00:00:00,,medium
18653428,Pocos de Caldas Bauxite Mine and Alumina Refinery,BRA,aluminum,2021-01-01 00:00:00,2021-01-31 00:00:00,very high,high,high,medium,medium,medium,medium,medium,medium,medium,medium,2023-10-04 00:00:00,,medium
18653428,Pocos de Caldas Bauxite Mine and Alumina Refinery,BRA,aluminum,2021-02-01 00:00:00,2021-02-28 00:00:00,very high,high,high,medium,medium,medium,medium,medium,medium,medium,medium,2023-10-04 00:00:00,,medium
18653428,Pocos de Caldas Bauxite Mine and Alumina Refinery,BRA,aluminum,2021-03-01 00:00:00,2021-03-31 00:00:00,very high,high,high,medium,medium,medium,medium,medium,medium,medium,medium,2023-10-04 00:00:00,,medium
18653428,Pocos de Caldas Bauxite Mine and Alumina Refinery,BRA,aluminum,2021-04-01 00:00:00,2021-04-30 00:00:00,very high,high,high,medium,medium,medium,medium,medium,medium,medium,medium,2023-10-04 00:00:00,,medium
18653428,Pocos de Caldas Bauxite Mine and Alumina Refinery,BRA,aluminum,2021-05-01 00:00:00,2021-05-31 00:00:00,very high,high,high,medium,medium,medium,medium,medium,medium,medium,medium,2023-10-04 00:00:00,,medium
18653428,Pocos de Caldas Bauxite Mine and Alumina Refinery,BRA,aluminum,2021-06-01 00:00:00,2021-06-30 00:00:00,very high,high,high,medium,medium,medium,medium,medium,medium,medium,medium,2023-10-04 00:00:00,,medium
18653428,Pocos de Caldas Bauxite Mine and Alumina Refinery,BRA,aluminum,2021-07-01 00:00:00,2021-07-31 00:00:00,very high,high,high,medium,medium,medium,medium,medium,medium,medium,medium,2023-10-04 00:00:00,,medium
18653428,Pocos de Caldas Bauxite Mine and Alumina Refinery,BRA,aluminum,2021-08-01 00:00:00,2021-08-31 00:00:00,very high,high,high,medium,medium,medium,medium,medium,medium,medium,medium,2023-10-04 00:00:00,,medium
18653428,Pocos de Caldas Bauxite Mine and Alumina Refinery,BRA,aluminum,2021-09-01 00:00:00,2021-09-30 00:00:00,very high,high,high,medium,medium,medium,medium,medium,medium,medium,medium,2023-10-04 00:00:00,,medium
18653428,Pocos de Caldas Bauxite Mine and Alumina Refinery,BRA,aluminum,2021-10-01 00:00:00,2021-10-31 00:00:00,very high,high,high,medium,medium,medium,medium,medium,medium,medium,medium,2023-10-04 00:00:00,,medium
18653428,Pocos de Caldas Bauxite Mine and Alumina Refinery,BRA,aluminum,2021-11-01 00:00:00,2021-11-30 00:00:00,very high,high,high,medium,medium,medium,medium,medium,medium,medium,medium,2023-10-04 00:00:00,,medium
18653428,Pocos de Caldas Bauxite Mine and Alumina Refinery,BRA,aluminum,2021-12-01 00:00:00,2021-12-31 00:00:00,very high,high,high,medium,medium,medium,medium,medium,medium,medium,medium,2023-10-04 00:00:00,,medium
18653428,Pocos de Caldas Bauxite Mine and Alumina Refinery,BRA,aluminum,2022-01-01 00:00:00,2022-01-31 00:00:00,very high,high,high,medium,medium,medium,medium,medium,medium,medium,medium,2023-10-04 00:00:00,,medium
18653428,Pocos de Caldas Bauxite Mine and Alumina Refinery,BRA,aluminum,2022-02-01 00:00:00,2022-02-28 00:00:00,very high,high,high,medium,medium,medium,medium,medium,medium,medium,medium,2023-10-04 00:00:00,,medium
18653428,Pocos de Caldas Bauxite Mine and Alumina Refinery,BRA,aluminum,2022-03-01 00:00:00,2022-03-31 00:00:00,very high,high,high,medium,medium,medium,medium,medium,medium,medium,medium,2023-10-04 00:00:00,,medium
18653428,Pocos de Caldas Bauxite Mine and Alumina Refinery,BRA,aluminum,2022-04-01 00:00:00,2022-04-30 00:00:00,very high,high,high,medium,medium,medium,medium,medium,medium,medium,medium,2023-10-04 00:00:00,,medium
18653428,Pocos de Caldas Bauxite Mine and Alumina Refinery,BRA,aluminum,2022-05-01 00:00:00,2022-05-31 00:00:00,very high,high,high,medium,medium,medium,medium,medium,medium,medium,medium,2023-10-04 00:00:00,,medium
18653428,Pocos de Caldas Bauxite Mine and Alumina Refinery,BRA,aluminum,2022-06-01 00:00:00,2022-06-30 00:00:00,very high,high,high,medium,medium,medium,medium,medium,medium,medium,medium,2023-10-04 00:00:00,,medium
18653428,Pocos de Caldas Bauxite Mine and Alumina Refinery,BRA,aluminum,2022-07-01 00:00:00,2022-07-31 00:00:00,very high,high,high,medium,medium,medium,medium,medium,medium,medium,medium,2023-10-04 00:00:00,,medium
18653428,Pocos de Caldas Bauxite Mine and Alumina Refinery,BRA,aluminum,2022-08-01 00:00:00,2022-08-31 00:00:00,very high,high,high,medium,medium,medium,medium,medium,medium,medium,medium,2023-10-04 00:00:00,,medium
18653428,Pocos de Caldas Bauxite Mine and Alumina Refinery,BRA,aluminum,2022-09-01 00:00:00,2022-09-30 00:00:00,very high,high,high,medium,medium,medium,medium,medium,medium,medium,medium,2023-10-04 00:00:00,,medium
18653428,Pocos de Caldas Bauxite Mine and Alumina Refinery,BRA,aluminum,2022-10-01 00:00:00,2022-10-31 00:00:00,very high,high,high,medium,medium,medium,medium,medium,medium,medium,medium,2023-10-04 00:00:00,,medium
18653428,Pocos de Caldas Bauxite Mine and Alumina Refinery,BRA,aluminum,2022-11-01 00:00:00,2022-11-30 00:00:00,very high,high,high,medium,medium,medium,medium,medium,medium,medium,medium,2023-10-04 00:00:00,,medium
18653428,Pocos de Caldas Bauxite Mine and Alumina Refinery,BRA,aluminum,2022-12-01 00:00:00,2022-12-31 00:00:00,very high,high,high,medium,medium,medium,medium,medium,medium,medium,medium,2023-10-04 00:00:00,,medium
18653428,Pocos de Caldas Bauxite Mine and Alumina Refinery,BRA,aluminum,2023-01-01 00:00:00,2023-01-31 00:00:00,very high,high,high,medium,medium,medium,medium,medium,medium,medium,medium,2023-10-04 00:00:00,,medium
18653428,Pocos de Caldas Bauxite Mine and Alumina Refinery,BRA,aluminum,2023-02-01 00:00:00,2023-02-28 00:00:00,very high,high,high,medium,medium,medium,medium,medium,medium,medium,medium,2023-10-04 00:00:00,,medium
18653428,Pocos de Caldas Bauxite Mine and Alumina Refinery,BRA,aluminum,2023-03-01 00:00:00,2023-03-31 00:00:00,very high,high,high,medium,medium,medium,medium,medium,medium,medium,medium,2023-10-04 00:00:00,,medium
18653476,Sao Luis Alumina Refinery and Aluminum Smelter,BRA,aluminum,2015-01-01 00:00:00,2015-01-31 00:00:00,very high,high,high,medium,medium,medium,medium,medium,medium,medium,medium,2023-10-04 00:00:00,,medium
18653476,Sao Luis Alumina Refinery and Aluminum Smelter,BRA,aluminum,2015-02-01 00:00:00,2015-02-28 00:00:00,very high,high,high,medium,medium,medium,medium,medium,medium,medium,medium,2023-10-04 00:00:00,,medium
18653476,Sao Luis Alumina Refinery and Aluminum Smelter,BRA,aluminum,2015-03-01 00:00:00,2015-03-31 00:00:00,very high,high,high,medium,medium,medium,medium,medium,medium,medium,medium,2023-10-04 00:00:00,,medium
18653476,Sao Luis Alumina Refinery and Aluminum Smelter,BRA,aluminum,2015-04-01 00:00:00,2015-04-30 00:00:00,very high,high,high,medium,medium,medium,medium,medium,medium,medium,medium,2023-10-04 00:00:00,,medium
18653476,Sao Luis Alumina Refinery and Aluminum Smelter,BRA,aluminum,2015-05-01 00:00:00,2015-05-31 00:00:00,very high,high,high,medium,medium,medium,medium,medium,medium,medium,medium,2023-10-04 00:00:00,,medium
18653476,Sao Luis Alumina Refinery and Aluminum Smelter,BRA,aluminum,2015-06-01 00:00:00,2015-06-30 00:00:00,very high,high,high,medium,medium,medium,medium,medium,medium,medium,medium,2023-10-04 00:00:00,,medium
18653476,Sao Luis Alumina Refinery and Aluminum Smelter,BRA,aluminum,2015-07-01 00:00:00,2015-07-31 00:00:00,very high,high,high,medium,medium,medium,medium,medium,medium,medium,medium,2023-10-04 00:00:00,,medium
18653476,Sao Luis Alumina Refinery and Aluminum Smelter,BRA,aluminum,2015-08-01 00:00:00,2015-08-31 00:00:00,very high,high,high,medium,medium,medium,medium,medium,medium,medium,medium,2023-10-04 00:00:00,,medium
18653476,Sao Luis Alumina Refinery and Aluminum Smelter,BRA,aluminum,2015-09-01 00:00:00,2015-09-30 00:00:00,very high,high,high,medium,medium,medium,medium,medium,medium,medium,medium,2023-10-04 00:00:00,,medium
18653476,Sao Luis Alumina Refinery and Aluminum Smelter,BRA,aluminum,2015-10-01 00:00:00,2015-10-31 00:00:00,very high,high,high,medium,medium,medium,medium,medium,medium,medium,medium,2023-10-04 00:00:00,,medium
18653476,Sao Luis Alumina Refinery and Aluminum Smelter,BRA,aluminum,2015-11-01 00:00:00,2015-11-30 00:00:00,very high,high,high,medium,medium,medium,medium,medium,medium,medium,medium,2023-10-04 00:00:00,,medium
18653476,Sao Luis Alumina Refinery and Aluminum Smelter,BRA,aluminum,2015-12-01 00:00:00,2015-12-31 00:00:00,very high,high,high,medium,medium,medium,medium,medium,medium,medium,medium,2023-10-04 00:00:00,,medium
18653476,Sao Luis Alumina Refinery and Aluminum Smelter,BRA,aluminum,2016-01-01 00:00:00,2016-01-31 00:00:00,very high,high,high,medium,medium,medium,medium,medium,medium,medium,medium,2023-10-04 00:00:00,,medium
18653476,Sao Luis Alumina Refinery and Aluminum Smelter,BRA,aluminum,2016-02-01 00:00:00,2016-02-29 00:00:00,very high,high,high,medium,medium,medium,medium,medium,medium,medium,medium,2023-10-04 00:00:00,,medium
18653476,Sao Luis Alumina Refinery and Aluminum Smelter,BRA,aluminum,2016-03-01 00:00:00,2016-03-31 00:00:00,very high,high,high,medium,medium,medium,medium,medium,medium,medium,medium,2023-10-04 00:00:00,,medium
18653476,Sao Luis Alumina Refinery and Aluminum Smelter,BRA,aluminum,2016-04-01 00:00:00,2016-04-30 00:00:00,very high,high,high,medium,medium,medium,medium,medium,medium,medium,medium,2023-10-04 00:00:00,,medium
18653476,Sao Luis Alumina Refinery and Aluminum Smelter,BRA,aluminum,2016-05-01 00:00:00,2016-05-31 00:00:00,very high,high,high,medium,medium,medium,medium,medium,medium,medium,medium,2023-10-04 00:00:00,,medium
18653476,Sao Luis Alumina Refinery and Aluminum Smelter,BRA,aluminum,2016-06-01 00:00:00,2016-06-30 00:00:00,very high,high,high,medium,medium,medium,medium,medium,medium,medium,medium,2023-10-04 00:00:00,,medium
18653476,Sao Luis Alumina Refinery and Aluminum Smelter,BRA,aluminum,2016-07-01 00:00:00,2016-07-31 00:00:00,very high,high,high,medium,medium,medium,medium,medium,medium,medium,medium,2023-10-04 00:00:00,,medium
18653476,Sao Luis Alumina Refinery and Aluminum Smelter,BRA,aluminum,2016-08-01 00:00:00,2016-08-31 00:00:00,very high,high,high,medium,medium,medium,medium,medium,medium,medium,medium,2023-10-04 00:00:00,,medium
18653476,Sao Luis Alumina Refinery and Aluminum Smelter,BRA,aluminum,2016-09-01 00:00:00,2016-09-30 00:00:00,very high,high,high,medium,medium,medium,medium,medium,medium,medium,medium,2023-10-04 00:00:00,,medium
18653476,Sao Luis Alumina Refinery and Aluminum Smelter,BRA,aluminum,2016-10-01 00:00:00,2016-10-31 00:00:00,very high,high,high,medium,medium,medium,medium,medium,medium,medium,medium,2023-10-04 00:00:00,,medium
18653476,Sao Luis Alumina Refinery and Aluminum Smelter,BRA,aluminum,2016-11-01 00:00:00,2016-11-30 00:00:00,very high,high,high,medium,medium,medium,medium,medium,medium,medium,medium,2023-10-04 00:00:00,,medium
18653476,Sao Luis Alumina Refinery and Aluminum Smelter,BRA,aluminum,2016-12-01 00:00:00,2016-12-31 00:00:00,very high,high,high,medium,medium,medium,medium,medium,medium,medium,medium,2023-10-04 00:00:00,,medium
18653476,Sao Luis Alumina Refinery and Aluminum Smelter,BRA,aluminum,2017-01-01 00:00:00,2017-01-31 00:00:00,very high,high,high,medium,medium,medium,medium,medium,medium,medium,medium,2023-10-04 00:00:00,,medium
18653476,Sao Luis Alumina Refinery and Aluminum Smelter,BRA,aluminum,2017-02-01 00:00:00,2017-02-28 00:00:00,very high,high,high,medium,medium,medium,medium,medium,medium,medium,medium,2023-10-04 00:00:00,,medium
18653476,Sao Luis Alumina Refinery and Aluminum Smelter,BRA,aluminum,2017-03-01 00:00:00,2017-03-31 00:00:00,very high,high,high,medium,medium,medium,medium,medium,medium,medium,medium,2023-10-04 00:00:00,,medium
18653476,Sao Luis Alumina Refinery and Aluminum Smelter,BRA,aluminum,2017-04-01 00:00:00,2017-04-30 00:00:00,very high,high,high,medium,medium,medium,medium,medium,medium,medium,medium,2023-10-04 00:00:00,,medium
18653476,Sao Luis Alumina Refinery and Aluminum Smelter,BRA,aluminum,2017-05-01 00:00:00,2017-05-31 00:00:00,very high,high,high,medium,medium,medium,medium,medium,medium,medium,medium,2023-10-04 00:00:00,,medium
18653476,Sao Luis Alumina Refinery and Aluminum Smelter,BRA,aluminum,2017-06-01 00:00:00,2017-06-30 00:00:00,very high,high,high,medium,medium,medium,medium,medium,medium,medium,medium,2023-10-04 00:00:00,,medium
18653476,Sao Luis Alumina Refinery and Aluminum Smelter,BRA,aluminum,2017-07-01 00:00:00,2017-07-31 00:00:00,very high,high,high,medium,medium,medium,medium,medium,medium,medium,medium,2023-10-04 00:00:00,,medium
18653476,Sao Luis Alumina Refinery and Aluminum Smelter,BRA,aluminum,2017-08-01 00:00:00,2017-08-31 00:00:00,very high,high,high,medium,medium,medium,medium,medium,medium,medium,medium,2023-10-04 00:00:00,,medium
18653476,Sao Luis Alumina Refinery and Aluminum Smelter,BRA,aluminum,2017-09-01 00:00:00,2017-09-30 00:00:00,very high,high,high,medium,medium,medium,medium,medium,medium,medium,medium,2023-10-04 00:00:00,,medium
18653476,Sao Luis Alumina Refinery and Aluminum Smelter,BRA,aluminum,2017-10-01 00:00:00,2017-10-31 00:00:00,very high,high,high,medium,medium,medium,medium,medium,medium,medium,medium,2023-10-04 00:00:00,,medium
18653476,Sao Luis Alumina Refinery and Aluminum Smelter,BRA,aluminum,2017-11-01 00:00:00,2017-11-30 00:00:00,very high,high,high,medium,medium,medium,medium,medium,medium,medium,medium,2023-10-04 00:00:00,,medium
18653476,Sao Luis Alumina Refinery and Aluminum Smelter,BRA,aluminum,2017-12-01 00:00:00,2017-12-31 00:00:00,very high,high,high,medium,medium,medium,medium,medium,medium,medium,medium,2023-10-04 00:00:00,,medium
18653476,Sao Luis Alumina Refinery and Aluminum Smelter,BRA,aluminum,2018-01-01 00:00:00,2018-01-31 00:00:00,very high,high,high,medium,medium,medium,medium,medium,medium,medium,medium,2023-10-04 00:00:00,,medium
18653476,Sao Luis Alumina Refinery and Aluminum Smelter,BRA,aluminum,2018-02-01 00:00:00,2018-02-28 00:00:00,very high,high,high,medium,medium,medium,medium,medium,medium,medium,medium,2023-10-04 00:00:00,,medium
18653476,Sao Luis Alumina Refinery and Aluminum Smelter,BRA,aluminum,2018-03-01 00:00:00,2018-03-31 00:00:00,very high,high,high,medium,medium,medium,medium,medium,medium,medium,medium,2023-10-04 00:00:00,,medium
18653476,Sao Luis Alumina Refinery and Aluminum Smelter,BRA,aluminum,2018-04-01 00:00:00,2018-04-30 00:00:00,very high,high,high,medium,medium,medium,medium,medium,medium,medium,medium,2023-10-04 00:00:00,,medium
18653476,Sao Luis Alumina Refinery and Aluminum Smelter,BRA,aluminum,2018-05-01 00:00:00,2018-05-31 00:00:00,very high,high,high,medium,medium,medium,medium,medium,medium,medium,medium,2023-10-04 00:00:00,,medium
18653476,Sao Luis Alumina Refinery and Aluminum Smelter,BRA,aluminum,2018-06-01 00:00:00,2018-06-30 00:00:00,very high,high,high,medium,medium,medium,medium,medium,medium,medium,medium,2023-10-04 00:00:00,,medium
18653476,Sao Luis Alumina Refinery and Aluminum Smelter,BRA,aluminum,2018-07-01 00:00:00,2018-07-31 00:00:00,very high,high,high,medium,medium,medium,medium,medium,medium,medium,medium,2023-10-04 00:00:00,,medium
18653476,Sao Luis Alumina Refinery and Aluminum Smelter,BRA,aluminum,2018-08-01 00:00:00,2018-08-31 00:00:00,very high,high,high,medium,medium,medium,medium,medium,medium,medium,medium,2023-10-04 00:00:00,,medium
18653476,Sao Luis Alumina Refinery and Aluminum Smelter,BRA,aluminum,2018-09-01 00:00:00,2018-09-30 00:00:00,very high,high,high,medium,medium,medium,medium,medium,medium,medium,medium,2023-10-04 00:00:00,,medium
18653476,Sao Luis Alumina Refinery and Aluminum Smelter,BRA,aluminum,2018-10-01 00:00:00,2018-10-31 00:00:00,very high,high,high,medium,medium,medium,medium,medium,medium,medium,medium,2023-10-04 00:00:00,,medium
18653476,Sao Luis Alumina Refinery and Aluminum Smelter,BRA,aluminum,2018-11-01 00:00:00,2018-11-30 00:00:00,very high,high,high,medium,medium,medium,medium,medium,medium,medium,medium,2023-10-04 00:00:00,,medium
18653476,Sao Luis Alumina Refinery and Aluminum Smelter,BRA,aluminum,2018-12-01 00:00:00,2018-12-31 00:00:00,very high,high,high,medium,medium,medium,medium,medium,medium,medium,medium,2023-10-04 00:00:00,,medium
18653476,Sao Luis Alumina Refinery and Aluminum Smelter,BRA,aluminum,2019-01-01 00:00:00,2019-01-31 00:00:00,very high,high,high,medium,medium,medium,medium,medium,medium,medium,medium,2023-10-04 00:00:00,,medium
18653476,Sao Luis Alumina Refinery and Aluminum Smelter,BRA,aluminum,2019-02-01 00:00:00,2019-02-28 00:00:00,very high,high,high,medium,medium,medium,medium,medium,medium,medium,medium,2023-10-04 00:00:00,,medium
18653476,Sao Luis Alumina Refinery and Aluminum Smelter,BRA,aluminum,2019-03-01 00:00:00,2019-03-31 00:00:00,very high,high,high,medium,medium,medium,medium,medium,medium,medium,medium,2023-10-04 00:00:00,,medium
18653476,Sao Luis Alumina Refinery and Aluminum Smelter,BRA,aluminum,2019-04-01 00:00:00,2019-04-30 00:00:00,very high,high,high,medium,medium,medium,medium,medium,medium,medium,medium,2023-10-04 00:00:00,,medium
18653476,Sao Luis Alumina Refinery and Aluminum Smelter,BRA,aluminum,2019-05-01 00:00:00,2019-05-31 00:00:00,very high,high,high,medium,medium,medium,medium,medium,medium,medium,medium,2023-10-04 00:00:00,,medium
18653476,Sao Luis Alumina Refinery and Aluminum Smelter,BRA,aluminum,2019-06-01 00:00:00,2019-06-30 00:00:00,very high,high,high,medium,medium,medium,medium,medium,medium,medium,medium,2023-10-04 00:00:00,,medium
18653476,Sao Luis Alumina Refinery and Aluminum Smelter,BRA,aluminum,2019-07-01 00:00:00,2019-07-31 00:00:00,very high,high,high,medium,medium,medium,medium,medium,medium,medium,medium,2023-10-04 00:00:00,,medium
18653476,Sao Luis Alumina Refinery and Aluminum Smelter,BRA,aluminum,2019-08-01 00:00:00,2019-08-31 00:00:00,very high,high,high,medium,medium,medium,medium,medium,medium,medium,medium,2023-10-04 00:00:00,,medium
18653476,Sao Luis Alumina Refinery and Aluminum Smelter,BRA,aluminum,2019-09-01 00:00:00,2019-09-30 00:00:00,very high,high,high,medium,medium,medium,medium,medium,medium,medium,medium,2023-10-04 00:00:00,,medium
18653476,Sao Luis Alumina Refinery and Aluminum Smelter,BRA,aluminum,2019-10-01 00:00:00,2019-10-31 00:00:00,very high,high,high,medium,medium,medium,medium,medium,medium,medium,medium,2023-10-04 00:00:00,,medium
18653476,Sao Luis Alumina Refinery and Aluminum Smelter,BRA,aluminum,2019-11-01 00:00:00,2019-11-30 00:00:00,very high,high,high,medium,medium,medium,medium,medium,medium,medium,medium,2023-10-04 00:00:00,,medium
18653476,Sao Luis Alumina Refinery and Aluminum Smelter,BRA,aluminum,2019-12-01 00:00:00,2019-12-31 00:00:00,very high,high,high,medium,medium,medium,medium,medium,medium,medium,medium,2023-10-04 00:00:00,,medium
18653476,Sao Luis Alumina Refinery and Aluminum Smelter,BRA,aluminum,2020-01-01 00:00:00,2020-01-31 00:00:00,very high,high,high,medium,medium,medium,medium,medium,medium,medium,medium,2023-10-04 00:00:00,,medium
18653476,Sao Luis Alumina Refinery and Aluminum Smelter,BRA,aluminum,2020-02-01 00:00:00,2020-02-29 00:00:00,very high,high,high,medium,medium,medium,medium,medium,medium,medium,medium,2023-10-04 00:00:00,,medium
18653476,Sao Luis Alumina Refinery and Aluminum Smelter,BRA,aluminum,2020-03-01 00:00:00,2020-03-31 00:00:00,very high,high,high,medium,medium,medium,medium,medium,medium,medium,medium,2023-10-04 00:00:00,,medium
18653476,Sao Luis Alumina Refinery and Aluminum Smelter,BRA,aluminum,2020-04-01 00:00:00,2020-04-30 00:00:00,very high,high,high,medium,medium,medium,medium,medium,medium,medium,medium,2023-10-04 00:00:00,,medium
18653476,Sao Luis Alumina Refinery and Aluminum Smelter,BRA,aluminum,2020-05-01 00:00:00,2020-05-31 00:00:00,very high,high,high,medium,medium,medium,medium,medium,medium,medium,medium,2023-10-04 00:00:00,,medium
18653476,Sao Luis Alumina Refinery and Aluminum Smelter,BRA,aluminum,2020-06-01 00:00:00,2020-06-30 00:00:00,very high,high,high,medium,medium,medium,medium,medium,medium,medium,medium,2023-10-04 00:00:00,,medium
18653476,Sao Luis Alumina Refinery and Aluminum Smelter,BRA,aluminum,2020-07-01 00:00:00,2020-07-31 00:00:00,very high,high,high,medium,medium,medium,medium,medium,medium,medium,medium,2023-10-04 00:00:00,,medium
18653476,Sao Luis Alumina Refinery and Aluminum Smelter,BRA,aluminum,2020-08-01 00:00:00,2020-08-31 00:00:00,very high,high,high,medium,medium,medium,medium,medium,medium,medium,medium,2023-10-04 00:00:00,,medium
18653476,Sao Luis Alumina Refinery and Aluminum Smelter,BRA,aluminum,2020-09-01 00:00:00,2020-09-30 00:00:00,very high,high,high,medium,medium,medium,medium,medium,medium,medium,medium,2023-10-04 00:00:00,,medium
18653476,Sao Luis Alumina Refinery and Aluminum Smelter,BRA,aluminum,2020-10-01 00:00:00,2020-10-31 00:00:00,very high,high,high,medium,medium,medium,medium,medium,medium,medium,medium,2023-10-04 00:00:00,,medium
18653476,Sao Luis Alumina Refinery and Aluminum Smelter,BRA,aluminum,2020-11-01 00:00:00,2020-11-30 00:00:00,very high,high,high,medium,medium,medium,medium,medium,medium,medium,medium,2023-10-04 00:00:00,,medium
18653476,Sao Luis Alumina Refinery and Aluminum Smelter,BRA,aluminum,2020-12-01 00:00:00,2020-12-31 00:00:00,very high,high,high,medium,medium,medium,medium,medium,medium,medium,medium,2023-10-04 00:00:00,,medium
18653476,Sao Luis Alumina Refinery and Aluminum Smelter,BRA,aluminum,2021-01-01 00:00:00,2021-01-31 00:00:00,very high,high,high,medium,medium,medium,medium,medium,medium,medium,medium,2023-10-04 00:00:00,,medium
18653476,Sao Luis Alumina Refinery and Aluminum Smelter,BRA,aluminum,2021-02-01 00:00:00,2021-02-28 00:00:00,very high,high,high,medium,medium,medium,medium,medium,medium,medium,medium,2023-10-04 00:00:00,,medium
18653476,Sao Luis Alumina Refinery and Aluminum Smelter,BRA,aluminum,2021-03-01 00:00:00,2021-03-31 00:00:00,very high,high,high,medium,medium,medium,medium,medium,medium,medium,medium,2023-10-04 00:00:00,,medium
18653476,Sao Luis Alumina Refinery and Aluminum Smelter,BRA,aluminum,2021-04-01 00:00:00,2021-04-30 00:00:00,very high,high,high,medium,medium,medium,medium,medium,medium,medium,medium,2023-10-04 00:00:00,,medium
18653476,Sao Luis Alumina Refinery and Aluminum Smelter,BRA,aluminum,2021-05-01 00:00:00,2021-05-31 00:00:00,very high,high,high,medium,medium,medium,medium,medium,medium,medium,medium,2023-10-04 00:00:00,,medium
18653476,Sao Luis Alumina Refinery and Aluminum Smelter,BRA,aluminum,2021-06-01 00:00:00,2021-06-30 00:00:00,very high,high,high,medium,medium,medium,medium,medium,medium,medium,medium,2023-10-04 00:00:00,,medium
18653476,Sao Luis Alumina Refinery and Aluminum Smelter,BRA,aluminum,2021-07-01 00:00:00,2021-07-31 00:00:00,very high,high,high,medium,medium,medium,medium,medium,medium,medium,medium,2023-10-04 00:00:00,,medium
18653476,Sao Luis Alumina Refinery and Aluminum Smelter,BRA,aluminum,2021-08-01 00:00:00,2021-08-31 00:00:00,very high,high,high,medium,medium,medium,medium,medium,medium,medium,medium,2023-10-04 00:00:00,,medium
18653476,Sao Luis Alumina Refinery and Aluminum Smelter,BRA,aluminum,2021-09-01 00:00:00,2021-09-30 00:00:00,very high,high,high,medium,medium,medium,medium,medium,medium,medium,medium,2023-10-04 00:00:00,,medium
18653476,Sao Luis Alumina Refinery and Aluminum Smelter,BRA,aluminum,2021-10-01 00:00:00,2021-10-31 00:00:00,very high,high,high,medium,medium,medium,medium,medium,medium,medium,medium,2023-10-04 00:00:00,,medium
18653476,Sao Luis Alumina Refinery and Aluminum Smelter,BRA,aluminum,2021-11-01 00:00:00,2021-11-30 00:00:00,very high,high,high,medium,medium,medium,medium,medium,medium,medium,medium,2023-10-04 00:00:00,,medium
18653476,Sao Luis Alumina Refinery and Aluminum Smelter,BRA,aluminum,2021-12-01 00:00:00,2021-12-31 00:00:00,very high,high,high,medium,medium,medium,medium,medium,medium,medium,medium,2023-10-04 00:00:00,,medium
18653476,Sao Luis Alumina Refinery and Aluminum Smelter,BRA,aluminum,2022-01-01 00:00:00,2022-01-31 00:00:00,very high,high,high,medium,medium,medium,medium,medium,medium,medium,medium,2023-10-04 00:00:00,,medium
18653476,Sao Luis Alumina Refinery and Aluminum Smelter,BRA,aluminum,2022-02-01 00:00:00,2022-02-28 00:00:00,very high,high,high,medium,medium,medium,medium,medium,medium,medium,medium,2023-10-04 00:00:00,,medium
18653476,Sao Luis Alumina Refinery and Aluminum Smelter,BRA,aluminum,2022-03-01 00:00:00,2022-03-31 00:00:00,very high,high,high,medium,medium,medium,medium,medium,medium,medium,medium,2023-10-04 00:00:00,,medium
18653476,Sao Luis Alumina Refinery and Aluminum Smelter,BRA,aluminum,2022-04-01 00:00:00,2022-04-30 00:00:00,very high,high,high,medium,medium,medium,medium,medium,medium,medium,medium,2023-10-04 00:00:00,,medium
18653476,Sao Luis Alumina Refinery and Aluminum Smelter,BRA,aluminum,2022-05-01 00:00:00,2022-05-31 00:00:00,very high,high,high,medium,medium,medium,medium,medium,medium,medium,medium,2023-10-04 00:00:00,,medium
18653476,Sao Luis Alumina Refinery and Aluminum Smelter,BRA,aluminum,2022-06-01 00:00:00,2022-06-30 00:00:00,very high,high,high,medium,medium,medium,medium,medium,medium,medium,medium,2023-10-04 00:00:00,,medium
18653476,Sao Luis Alumina Refinery and Aluminum Smelter,BRA,aluminum,2022-07-01 00:00:00,2022-07-31 00:00:00,very high,high,high,medium,medium,medium,medium,medium,medium,medium,medium,2023-10-04 00:00:00,,medium
18653476,Sao Luis Alumina Refinery and Aluminum Smelter,BRA,aluminum,2022-08-01 00:00:00,2022-08-31 00:00:00,very high,high,high,medium,medium,medium,medium,medium,medium,medium,medium,2023-10-04 00:00:00,,medium
18653476,Sao Luis Alumina Refinery and Aluminum Smelter,BRA,aluminum,2022-09-01 00:00:00,2022-09-30 00:00:00,very high,high,high,medium,medium,medium,medium,medium,medium,medium,medium,2023-10-04 00:00:00,,medium
18653476,Sao Luis Alumina Refinery and Aluminum Smelter,BRA,aluminum,2022-10-01 00:00:00,2022-10-31 00:00:00,very high,high,high,medium,medium,medium,medium,medium,medium,medium,medium,2023-10-04 00:00:00,,medium
18653476,Sao Luis Alumina Refinery and Aluminum Smelter,BRA,aluminum,2022-11-01 00:00:00,2022-11-30 00:00:00,very high,high,high,medium,medium,medium,medium,medium,medium,medium,medium,2023-10-04 00:00:00,,medium
18653476,Sao Luis Alumina Refinery and Aluminum Smelter,BRA,aluminum,2022-12-01 00:00:00,2022-12-31 00:00:00,very high,high,high,medium,medium,medium,medium,medium,medium,medium,medium,2023-10-04 00:00:00,,medium
18653476,Sao Luis Alumina Refinery and Aluminum Smelter,BRA,aluminum,2023-01-01 00:00:00,2023-01-31 00:00:00,very high,high,high,medium,medium,medium,medium,medium,medium,medium,medium,2023-10-04 00:00:00,,medium
18653476,Sao Luis Alumina Refinery and Aluminum Smelter,BRA,aluminum,2023-02-01 00:00:00,2023-02-28 00:00:00,very high,high,high,medium,medium,medium,medium,medium,medium,medium,medium,2023-10-04 00:00:00,,medium
18653476,Sao Luis Alumina Refinery and Aluminum Smelter,BRA,aluminum,2023-03-01 00:00:00,2023-03-31 00:00:00,very high,high,high,medium,medium,medium,medium,medium,medium,medium,medium,2023-10-04 00:00:00,,medium
18653501,Sorocaba aluminium plant,BRA,aluminum,2015-01-01 00:00:00,2015-01-31 00:00:00,very high,high,high,medium,medium,medium,medium,medium,medium,medium,medium,2023-10-04 00:00:00,,medium
18653501,Sorocaba aluminium plant,BRA,aluminum,2015-02-01 00:00:00,2015-02-28 00:00:00,very high,high,high,medium,medium,medium,medium,medium,medium,medium,medium,2023-10-04 00:00:00,,medium
18653501,Sorocaba aluminium plant,BRA,aluminum,2015-03-01 00:00:00,2015-03-31 00:00:00,very high,high,high,medium,medium,medium,medium,medium,medium,medium,medium,2023-10-04 00:00:00,,medium
18653501,Sorocaba aluminium plant,BRA,aluminum,2015-04-01 00:00:00,2015-04-30 00:00:00,very high,high,high,medium,medium,medium,medium,medium,medium,medium,medium,2023-10-04 00:00:00,,medium
18653501,Sorocaba aluminium plant,BRA,aluminum,2015-05-01 00:00:00,2015-05-31 00:00:00,very high,high,high,medium,medium,medium,medium,medium,medium,medium,medium,2023-10-04 00:00:00,,medium
18653501,Sorocaba aluminium plant,BRA,aluminum,2015-06-01 00:00:00,2015-06-30 00:00:00,very high,high,high,medium,medium,medium,medium,medium,medium,medium,medium,2023-10-04 00:00:00,,medium
18653501,Sorocaba aluminium plant,BRA,aluminum,2015-07-01 00:00:00,2015-07-31 00:00:00,very high,high,high,medium,medium,medium,medium,medium,medium,medium,medium,2023-10-04 00:00:00,,medium
18653501,Sorocaba aluminium plant,BRA,aluminum,2015-08-01 00:00:00,2015-08-31 00:00:00,very high,high,high,medium,medium,medium,medium,medium,medium,medium,medium,2023-10-04 00:00:00,,medium
18653501,Sorocaba aluminium plant,BRA,aluminum,2015-09-01 00:00:00,2015-09-30 00:00:00,very high,high,high,medium,medium,medium,medium,medium,medium,medium,medium,2023-10-04 00:00:00,,medium
18653501,Sorocaba aluminium plant,BRA,aluminum,2015-10-01 00:00:00,2015-10-31 00:00:00,very high,high,high,medium,medium,medium,medium,medium,medium,medium,medium,2023-10-04 00:00:00,,medium
18653501,Sorocaba aluminium plant,BRA,aluminum,2015-11-01 00:00:00,2015-11-30 00:00:00,very high,high,high,medium,medium,medium,medium,medium,medium,medium,medium,2023-10-04 00:00:00,,medium
18653501,Sorocaba aluminium plant,BRA,aluminum,2015-12-01 00:00:00,2015-12-31 00:00:00,very high,high,high,medium,medium,medium,medium,medium,medium,medium,medium,2023-10-04 00:00:00,,medium
18653501,Sorocaba aluminium plant,BRA,aluminum,2016-01-01 00:00:00,2016-01-31 00:00:00,very high,high,high,medium,medium,medium,medium,medium,medium,medium,medium,2023-10-04 00:00:00,,medium
18653501,Sorocaba aluminium plant,BRA,aluminum,2016-02-01 00:00:00,2016-02-29 00:00:00,very high,high,high,medium,medium,medium,medium,medium,medium,medium,medium,2023-10-04 00:00:00,,medium
18653501,Sorocaba aluminium plant,BRA,aluminum,2016-03-01 00:00:00,2016-03-31 00:00:00,very high,high,high,medium,medium,medium,medium,medium,medium,medium,medium,2023-10-04 00:00:00,,medium
18653501,Sorocaba aluminium plant,BRA,aluminum,2016-04-01 00:00:00,2016-04-30 00:00:00,very high,high,high,medium,medium,medium,medium,medium,medium,medium,medium,2023-10-04 00:00:00,,medium
18653501,Sorocaba aluminium plant,BRA,aluminum,2016-05-01 00:00:00,2016-05-31 00:00:00,very high,high,high,medium,medium,medium,medium,medium,medium,medium,medium,2023-10-04 00:00:00,,medium
18653501,Sorocaba aluminium plant,BRA,aluminum,2016-06-01 00:00:00,2016-06-30 00:00:00,very high,high,high,medium,medium,medium,medium,medium,medium,medium,medium,2023-10-04 00:00:00,,medium
18653501,Sorocaba aluminium plant,BRA,aluminum,2016-07-01 00:00:00,2016-07-31 00:00:00,very high,high,high,medium,medium,medium,medium,medium,medium,medium,medium,2023-10-04 00:00:00,,medium
18653501,Sorocaba aluminium plant,BRA,aluminum,2016-08-01 00:00:00,2016-08-31 00:00:00,very high,high,high,medium,medium,medium,medium,medium,medium,medium,medium,2023-10-04 00:00:00,,medium
18653501,Sorocaba aluminium plant,BRA,aluminum,2016-09-01 00:00:00,2016-09-30 00:00:00,very high,high,high,medium,medium,medium,medium,medium,medium,medium,medium,2023-10-04 00:00:00,,medium
18653501,Sorocaba aluminium plant,BRA,aluminum,2016-10-01 00:00:00,2016-10-31 00:00:00,very high,high,high,medium,medium,medium,medium,medium,medium,medium,medium,2023-10-04 00:00:00,,medium
18653501,Sorocaba aluminium plant,BRA,aluminum,2016-11-01 00:00:00,2016-11-30 00:00:00,very high,high,high,medium,medium,medium,medium,medium,medium,medium,medium,2023-10-04 00:00:00,,medium
18653501,Sorocaba aluminium plant,BRA,aluminum,2016-12-01 00:00:00,2016-12-31 00:00:00,very high,high,high,medium,medium,medium,medium,medium,medium,medium,medium,2023-10-04 00:00:00,,medium
18653501,Sorocaba aluminium plant,BRA,aluminum,2017-01-01 00:00:00,2017-01-31 00:00:00,very high,high,high,medium,medium,medium,medium,medium,medium,medium,medium,2023-10-04 00:00:00,,medium
18653501,Sorocaba aluminium plant,BRA,aluminum,2017-02-01 00:00:00,2017-02-28 00:00:00,very high,high,high,medium,medium,medium,medium,medium,medium,medium,medium,2023-10-04 00:00:00,,medium
18653501,Sorocaba aluminium plant,BRA,aluminum,2017-03-01 00:00:00,2017-03-31 00:00:00,very high,high,high,medium,medium,medium,medium,medium,medium,medium,medium,2023-10-04 00:00:00,,medium
18653501,Sorocaba aluminium plant,BRA,aluminum,2017-04-01 00:00:00,2017-04-30 00:00:00,very high,high,high,medium,medium,medium,medium,medium,medium,medium,medium,2023-10-04 00:00:00,,medium
18653501,Sorocaba aluminium plant,BRA,aluminum,2017-05-01 00:00:00,2017-05-31 00:00:00,very high,high,high,medium,medium,medium,medium,medium,medium,medium,medium,2023-10-04 00:00:00,,medium
18653501,Sorocaba aluminium plant,BRA,aluminum,2017-06-01 00:00:00,2017-06-30 00:00:00,very high,high,high,medium,medium,medium,medium,medium,medium,medium,medium,2023-10-04 00:00:00,,medium
18653501,Sorocaba aluminium plant,BRA,aluminum,2017-07-01 00:00:00,2017-07-31 00:00:00,very high,high,high,medium,medium,medium,medium,medium,medium,medium,medium,2023-10-04 00:00:00,,medium
18653501,Sorocaba aluminium plant,BRA,aluminum,2017-08-01 00:00:00,2017-08-31 00:00:00,very high,high,high,medium,medium,medium,medium,medium,medium,medium,medium,2023-10-04 00:00:00,,medium
18653501,Sorocaba aluminium plant,BRA,aluminum,2017-09-01 00:00:00,2017-09-30 00:00:00,very high,high,high,medium,medium,medium,medium,medium,medium,medium,medium,2023-10-04 00:00:00,,medium
18653501,Sorocaba aluminium plant,BRA,aluminum,2017-10-01 00:00:00,2017-10-31 00:00:00,very high,high,high,medium,medium,medium,medium,medium,medium,medium,medium,2023-10-04 00:00:00,,medium
18653501,Sorocaba aluminium plant,BRA,aluminum,2017-11-01 00:00:00,2017-11-30 00:00:00,very high,high,high,medium,medium,medium,medium,medium,medium,medium,medium,2023-10-04 00:00:00,,medium
18653501,Sorocaba aluminium plant,BRA,aluminum,2017-12-01 00:00:00,2017-12-31 00:00:00,very high,high,high,medium,medium,medium,medium,medium,medium,medium,medium,2023-10-04 00:00:00,,medium
18653501,Sorocaba aluminium plant,BRA,aluminum,2018-01-01 00:00:00,2018-01-31 00:00:00,very high,high,high,medium,medium,medium,medium,medium,medium,medium,medium,2023-10-04 00:00:00,,medium
18653501,Sorocaba aluminium plant,BRA,aluminum,2018-02-01 00:00:00,2018-02-28 00:00:00,very high,high,high,medium,medium,medium,medium,medium,medium,medium,medium,2023-10-04 00:00:00,,medium
18653501,Sorocaba aluminium plant,BRA,aluminum,2018-03-01 00:00:00,2018-03-31 00:00:00,very high,high,high,medium,medium,medium,medium,medium,medium,medium,medium,2023-10-04 00:00:00,,medium
18653501,Sorocaba aluminium plant,BRA,aluminum,2018-04-01 00:00:00,2018-04-30 00:00:00,very high,high,high,medium,medium,medium,medium,medium,medium,medium,medium,2023-10-04 00:00:00,,medium
18653501,Sorocaba aluminium plant,BRA,aluminum,2018-05-01 00:00:00,2018-05-31 00:00:00,very high,high,high,medium,medium,medium,medium,medium,medium,medium,medium,2023-10-04 00:00:00,,medium
18653501,Sorocaba aluminium plant,BRA,aluminum,2018-06-01 00:00:00,2018-06-30 00:00:00,very high,high,high,medium,medium,medium,medium,medium,medium,medium,medium,2023-10-04 00:00:00,,medium
18653501,Sorocaba aluminium plant,BRA,aluminum,2018-07-01 00:00:00,2018-07-31 00:00:00,very high,high,high,medium,medium,medium,medium,medium,medium,medium,medium,2023-10-04 00:00:00,,medium
18653501,Sorocaba aluminium plant,BRA,aluminum,2018-08-01 00:00:00,2018-08-31 00:00:00,very high,high,high,medium,medium,medium,medium,medium,medium,medium,medium,2023-10-04 00:00:00,,medium
18653501,Sorocaba aluminium plant,BRA,aluminum,2018-09-01 00:00:00,2018-09-30 00:00:00,very high,high,high,medium,medium,medium,medium,medium,medium,medium,medium,2023-10-04 00:00:00,,medium
18653501,Sorocaba aluminium plant,BRA,aluminum,2018-10-01 00:00:00,2018-10-31 00:00:00,very high,high,high,medium,medium,medium,medium,medium,medium,medium,medium,2023-10-04 00:00:00,,medium
18653501,Sorocaba aluminium plant,BRA,aluminum,2018-11-01 00:00:00,2018-11-30 00:00:00,very high,high,high,medium,medium,medium,medium,medium,medium,medium,medium,2023-10-04 00:00:00,,medium
18653501,Sorocaba aluminium plant,BRA,aluminum,2018-12-01 00:00:00,2018-12-31 00:00:00,very high,high,high,medium,medium,medium,medium,medium,medium,medium,medium,2023-10-04 00:00:00,,medium
18653501,Sorocaba aluminium plant,BRA,aluminum,2019-01-01 00:00:00,2019-01-31 00:00:00,very high,high,high,medium,medium,medium,medium,medium,medium,medium,medium,2023-10-04 00:00:00,,medium
18653501,Sorocaba aluminium plant,BRA,aluminum,2019-02-01 00:00:00,2019-02-28 00:00:00,very high,high,high,medium,medium,medium,medium,medium,medium,medium,medium,2023-10-04 00:00:00,,medium
18653501,Sorocaba aluminium plant,BRA,aluminum,2019-03-01 00:00:00,2019-03-31 00:00:00,very high,high,high,medium,medium,medium,medium,medium,medium,medium,medium,2023-10-04 00:00:00,,medium
18653501,Sorocaba aluminium plant,BRA,aluminum,2019-04-01 00:00:00,2019-04-30 00:00:00,very high,high,high,medium,medium,medium,medium,medium,medium,medium,medium,2023-10-04 00:00:00,,medium
18653501,Sorocaba aluminium plant,BRA,aluminum,2019-05-01 00:00:00,2019-05-31 00:00:00,very high,high,high,medium,medium,medium,medium,medium,medium,medium,medium,2023-10-04 00:00:00,,medium
18653501,Sorocaba aluminium plant,BRA,aluminum,2019-06-01 00:00:00,2019-06-30 00:00:00,very high,high,high,medium,medium,medium,medium,medium,medium,medium,medium,2023-10-04 00:00:00,,medium
18653501,Sorocaba aluminium plant,BRA,aluminum,2019-07-01 00:00:00,2019-07-31 00:00:00,very high,high,high,medium,medium,medium,medium,medium,medium,medium,medium,2023-10-04 00:00:00,,medium
18653501,Sorocaba aluminium plant,BRA,aluminum,2019-08-01 00:00:00,2019-08-31 00:00:00,very high,high,high,medium,medium,medium,medium,medium,medium,medium,medium,2023-10-04 00:00:00,,medium
18653501,Sorocaba aluminium plant,BRA,aluminum,2019-09-01 00:00:00,2019-09-30 00:00:00,very high,high,high,medium,medium,medium,medium,medium,medium,medium,medium,2023-10-04 00:00:00,,medium
18653501,Sorocaba aluminium plant,BRA,aluminum,2019-10-01 00:00:00,2019-10-31 00:00:00,very high,high,high,medium,medium,medium,medium,medium,medium,medium,medium,2023-10-04 00:00:00,,medium
18653501,Sorocaba aluminium plant,BRA,aluminum,2019-11-01 00:00:00,2019-11-30 00:00:00,very high,high,high,medium,medium,medium,medium,medium,medium,medium,medium,2023-10-04 00:00:00,,medium
18653501,Sorocaba aluminium plant,BRA,aluminum,2019-12-01 00:00:00,2019-12-31 00:00:00,very high,high,high,medium,medium,medium,medium,medium,medium,medium,medium,2023-10-04 00:00:00,,medium
18653501,Sorocaba aluminium plant,BRA,aluminum,2020-01-01 00:00:00,2020-01-31 00:00:00,very high,high,high,medium,medium,medium,medium,medium,medium,medium,medium,2023-10-04 00:00:00,,medium
18653501,Sorocaba aluminium plant,BRA,aluminum,2020-02-01 00:00:00,2020-02-29 00:00:00,very high,high,high,medium,medium,medium,medium,medium,medium,medium,medium,2023-10-04 00:00:00,,medium
18653501,Sorocaba aluminium plant,BRA,aluminum,2020-03-01 00:00:00,2020-03-31 00:00:00,very high,high,high,medium,medium,medium,medium,medium,medium,medium,medium,2023-10-04 00:00:00,,medium
18653501,Sorocaba aluminium plant,BRA,aluminum,2020-04-01 00:00:00,2020-04-30 00:00:00,very high,high,high,medium,medium,medium,medium,medium,medium,medium,medium,2023-10-04 00:00:00,,medium
18653501,Sorocaba aluminium plant,BRA,aluminum,2020-05-01 00:00:00,2020-05-31 00:00:00,very high,high,high,medium,medium,medium,medium,medium,medium,medium,medium,2023-10-04 00:00:00,,medium
18653501,Sorocaba aluminium plant,BRA,aluminum,2020-06-01 00:00:00,2020-06-30 00:00:00,very high,high,high,medium,medium,medium,medium,medium,medium,medium,medium,2023-10-04 00:00:00,,medium
18653501,Sorocaba aluminium plant,BRA,aluminum,2020-07-01 00:00:00,2020-07-31 00:00:00,very high,high,high,medium,medium,medium,medium,medium,medium,medium,medium,2023-10-04 00:00:00,,medium
18653501,Sorocaba aluminium plant,BRA,aluminum,2020-08-01 00:00:00,2020-08-31 00:00:00,very high,high,high,medium,medium,medium,medium,medium,medium,medium,medium,2023-10-04 00:00:00,,medium
18653501,Sorocaba aluminium plant,BRA,aluminum,2020-09-01 00:00:00,2020-09-30 00:00:00,very high,high,high,medium,medium,medium,medium,medium,medium,medium,medium,2023-10-04 00:00:00,,medium
18653501,Sorocaba aluminium plant,BRA,aluminum,2020-10-01 00:00:00,2020-10-31 00:00:00,very high,high,high,medium,medium,medium,medium,medium,medium,medium,medium,2023-10-04 00:00:00,,medium
18653501,Sorocaba aluminium plant,BRA,aluminum,2020-11-01 00:00:00,2020-11-30 00:00:00,very high,high,high,medium,medium,medium,medium,medium,medium,medium,medium,2023-10-04 00:00:00,,medium
18653501,Sorocaba aluminium plant,BRA,aluminum,2020-12-01 00:00:00,2020-12-31 00:00:00,very high,high,high,medium,medium,medium,medium,medium,medium,medium,medium,2023-10-04 00:00:00,,medium
18653501,Sorocaba aluminium plant,BRA,aluminum,2021-01-01 00:00:00,2021-01-31 00:00:00,very high,high,high,medium,medium,medium,medium,medium,medium,medium,medium,2023-10-04 00:00:00,,medium
18653501,Sorocaba aluminium plant,BRA,aluminum,2021-02-01 00:00:00,2021-02-28 00:00:00,very high,high,high,medium,medium,medium,medium,medium,medium,medium,medium,2023-10-04 00:00:00,,medium
18653501,Sorocaba aluminium plant,BRA,aluminum,2021-03-01 00:00:00,2021-03-31 00:00:00,very high,high,high,medium,medium,medium,medium,medium,medium,medium,medium,2023-10-04 00:00:00,,medium
18653501,Sorocaba aluminium plant,BRA,aluminum,2021-04-01 00:00:00,2021-04-30 00:00:00,very high,high,high,medium,medium,medium,medium,medium,medium,medium,medium,2023-10-04 00:00:00,,medium
18653501,Sorocaba aluminium plant,BRA,aluminum,2021-05-01 00:00:00,2021-05-31 00:00:00,very high,high,high,medium,medium,medium,medium,medium,medium,medium,medium,2023-10-04 00:00:00,,medium
18653501,Sorocaba aluminium plant,BRA,aluminum,2021-06-01 00:00:00,2021-06-30 00:00:00,very high,high,high,medium,medium,medium,medium,medium,medium,medium,medium,2023-10-04 00:00:00,,medium
18653501,Sorocaba aluminium plant,BRA,aluminum,2021-07-01 00:00:00,2021-07-31 00:00:00,very high,high,high,medium,medium,medium,medium,medium,medium,medium,medium,2023-10-04 00:00:00,,medium
18653501,Sorocaba aluminium plant,BRA,aluminum,2021-08-01 00:00:00,2021-08-31 00:00:00,very high,high,high,medium,medium,medium,medium,medium,medium,medium,medium,2023-10-04 00:00:00,,medium
18653501,Sorocaba aluminium plant,BRA,aluminum,2021-09-01 00:00:00,2021-09-30 00:00:00,very high,high,high,medium,medium,medium,medium,medium,medium,medium,medium,2023-10-04 00:00:00,,medium
18653501,Sorocaba aluminium plant,BRA,aluminum,2021-10-01 00:00:00,2021-10-31 00:00:00,very high,high,high,medium,medium,medium,medium,medium,medium,medium,medium,2023-10-04 00:00:00,,medium
18653501,Sorocaba aluminium plant,BRA,aluminum,2021-11-01 00:00:00,2021-11-30 00:00:00,very high,high,high,medium,medium,medium,medium,medium,medium,medium,medium,2023-10-04 00:00:00,,medium
18653501,Sorocaba aluminium plant,BRA,aluminum,2021-12-01 00:00:00,2021-12-31 00:00:00,very high,high,high,medium,medium,medium,medium,medium,medium,medium,medium,2023-10-04 00:00:00,,medium
18653501,Sorocaba aluminium plant,BRA,aluminum,2022-01-01 00:00:00,2022-01-31 00:00:00,very high,high,high,medium,medium,medium,medium,medium,medium,medium,medium,2023-10-04 00:00:00,,medium
18653501,Sorocaba aluminium plant,BRA,aluminum,2022-02-01 00:00:00,2022-02-28 00:00:00,very high,high,high,medium,medium,medium,medium,medium,medium,medium,medium,2023-10-04 00:00:00,,medium
18653501,Sorocaba aluminium plant,BRA,aluminum,2022-03-01 00:00:00,2022-03-31 00:00:00,very high,high,high,medium,medium,medium,medium,medium,medium,medium,medium,2023-10-04 00:00:00,,medium
18653501,Sorocaba aluminium plant,BRA,aluminum,2022-04-01 00:00:00,2022-04-30 00:00:00,very high,high,high,medium,medium,medium,medium,medium,medium,medium,medium,2023-10-04 00:00:00,,medium
18653501,Sorocaba aluminium plant,BRA,aluminum,2022-05-01 00:00:00,2022-05-31 00:00:00,very high,high,high,medium,medium,medium,medium,medium,medium,medium,medium,2023-10-04 00:00:00,,medium
18653501,Sorocaba aluminium plant,BRA,aluminum,2022-06-01 00:00:00,2022-06-30 00:00:00,very high,high,high,medium,medium,medium,medium,medium,medium,medium,medium,2023-10-04 00:00:00,,medium
18653501,Sorocaba aluminium plant,BRA,aluminum,2022-07-01 00:00:00,2022-07-31 00:00:00,very high,high,high,medium,medium,medium,medium,medium,medium,medium,medium,2023-10-04 00:00:00,,medium
18653501,Sorocaba aluminium plant,BRA,aluminum,2022-08-01 00:00:00,2022-08-31 00:00:00,very high,high,high,medium,medium,medium,medium,medium,medium,medium,medium,2023-10-04 00:00:00,,medium
18653501,Sorocaba aluminium plant,BRA,aluminum,2022-09-01 00:00:00,2022-09-30 00:00:00,very high,high,high,medium,medium,medium,medium,medium,medium,medium,medium,2023-10-04 00:00:00,,medium
18653501,Sorocaba aluminium plant,BRA,aluminum,2022-10-01 00:00:00,2022-10-31 00:00:00,very high,high,high,medium,medium,medium,medium,medium,medium,medium,medium,2023-10-04 00:00:00,,medium
18653501,Sorocaba aluminium plant,BRA,aluminum,2022-11-01 00:00:00,2022-11-30 00:00:00,very high,high,high,medium,medium,medium,medium,medium,medium,medium,medium,2023-10-04 00:00:00,,medium
18653501,Sorocaba aluminium plant,BRA,aluminum,2022-12-01 00:00:00,2022-12-31 00:00:00,very high,high,high,medium,medium,medium,medium,medium,medium,medium,medium,2023-10-04 00:00:00,,medium
18653501,Sorocaba aluminium plant,BRA,aluminum,2023-01-01 00:00:00,2023-01-31 00:00:00,very high,high,high,medium,medium,medium,medium,medium,medium,medium,medium,2023-10-04 00:00:00,,medium
18653501,Sorocaba aluminium plant,BRA,aluminum,2023-02-01 00:00:00,2023-02-28 00:00:00,very high,high,high,medium,medium,medium,medium,medium,medium,medium,medium,2023-10-04 00:00:00,,medium
18653501,Sorocaba aluminium plant,BRA,aluminum,2023-03-01 00:00:00,2023-03-31 00:00:00,very high,high,high,medium,medium,medium,medium,medium,medium,medium,medium,2023-10-04 00:00:00,,medium
